STATE/UT,Year,CRIME,Boys 7-12 Years,Girls 7-12 Years,Boys 12-16 Years,Girls 12-16 Years,Boys 16-18 Years,Girls 16-18 Years,Total for boys all Age Groups,Total for girls all Age Groups,Grand total
Andhra Pradesh,2013,Murder,0,0,20,1,52,3,72,4,76
Andhra Pradesh,2013,Attempt to Commit Murder,1,0,16,0,25,1,42,1,43
Andhra Pradesh,2013,C H Not amounting to Murder,0,0,2,0,3,0,5,0,5
Andhra Pradesh,2013,Rape,2,0,42,0,71,0,115,0,115
Andhra Pradesh,2013,Custodial Rape,0,0,0,0,0,0,0,0,0
Andhra Pradesh,2013,Other Rape,2,0,42,0,71,0,115,0,115
Andhra Pradesh,2013,Kidnapping & Abduction,0,0,12,0,41,1,53,1,54
Andhra Pradesh,2013,K & A of Women and Girls,0,0,11,0,31,0,42,0,42
Andhra Pradesh,2013,K & A of others,0,0,1,0,10,1,11,1,12
Andhra Pradesh,2013,Dacoity,0,0,1,0,4,0,5,0,5
Andhra Pradesh,2013,Preparation & Assembly for Dacoity,0,0,0,0,2,0,2,0,2
Andhra Pradesh,2013,Robbery,1,0,16,0,13,0,30,0,30
Andhra Pradesh,2013,Burglary,17,0,149,0,216,1,382,1,383
Andhra Pradesh,2013,Theft,50,1,311,10,533,12,894,23,917
Andhra Pradesh,2013,Auto Theft,11,0,69,0,149,5,229,5,234
Andhra Pradesh,2013,Other Theft,39,1,242,10,384,7,665,18,683
Andhra Pradesh,2013,Riots,0,0,10,0,68,4,78,4,82
Andhra Pradesh,2013,Criminal Breach of Trust,0,0,0,0,0,0,0,0,0
Andhra Pradesh,2013,Cheating,0,0,1,0,7,0,8,0,8
Andhra Pradesh,2013,Counterfeiting,0,0,3,0,1,0,4,0,4
Andhra Pradesh,2013,Arson,0,0,0,0,4,0,4,0,4
Andhra Pradesh,2013,Hurt/Grevious Hurt,8,0,175,6,341,9,524,15,539
Andhra Pradesh,2013,Dowry Deaths,0,0,0,0,1,0,1,0,1
Andhra Pradesh,2013,Assault on Women wih intent to outrage her Modesty,0,0,23,1,110,3,133,4,137
Andhra Pradesh,2013,Insult to Modesty of Women,1,0,39,0,133,2,173,2,175
Andhra Pradesh,2013,Cruelty by Husband or his Relatives,0,0,6,0,4,0,10,0,10
Andhra Pradesh,2013,Importation of girls from Foreign Countries,0,0,0,0,0,0,0,0,0
Andhra Pradesh,2013,Causing death by negligence,0,0,9,0,36,0,45,0,45
Andhra Pradesh,2013,Other IPC Crimes,6,3,82,4,245,23,333,30,363
Andhra Pradesh,2013,Total IPC Crimes,86,4,917,22,1910,59,2913,85,2998
Arunachal Pradesh,2013,Murder,0,0,0,0,0,0,0,0,0
Arunachal Pradesh,2013,Attempt to Commit Murder,0,0,0,0,0,0,0,0,0
Arunachal Pradesh,2013,C H Not amounting to Murder,0,0,0,0,0,0,0,0,0
Arunachal Pradesh,2013,Rape,0,0,0,0,0,0,0,0,0
Arunachal Pradesh,2013,Custodial Rape,0,0,0,0,0,0,0,0,0
Arunachal Pradesh,2013,Other Rape,0,0,0,0,0,0,0,0,0
Arunachal Pradesh,2013,Kidnapping & Abduction,0,0,0,0,0,0,0,0,0
Arunachal Pradesh,2013,K & A of Women and Girls,0,0,0,0,0,0,0,0,0
Arunachal Pradesh,2013,K & A of others,0,0,0,0,0,0,0,0,0
Arunachal Pradesh,2013,Dacoity,0,0,0,0,0,0,0,0,0
Arunachal Pradesh,2013,Preparation & Assembly for Dacoity,0,0,0,0,0,0,0,0,0
Arunachal Pradesh,2013,Robbery,0,0,1,0,2,0,3,0,3
Arunachal Pradesh,2013,Burglary,0,0,11,0,12,0,23,0,23
Arunachal Pradesh,2013,Theft,3,0,24,0,30,0,57,0,57
Arunachal Pradesh,2013,Auto Theft,0,0,0,0,7,0,7,0,7
Arunachal Pradesh,2013,Other Theft,3,0,24,0,23,0,50,0,50
Arunachal Pradesh,2013,Riots,0,0,0,0,0,0,0,0,0
Arunachal Pradesh,2013,Criminal Breach of Trust,0,0,0,0,0,0,0,0,0
Arunachal Pradesh,2013,Cheating,0,0,0,0,0,0,0,0,0
Arunachal Pradesh,2013,Counterfeiting,0,0,0,0,0,0,0,0,0
Arunachal Pradesh,2013,Arson,0,0,0,0,0,0,0,0,0
Arunachal Pradesh,2013,Hurt/Grevious Hurt,4,0,6,0,28,0,38,0,38
Arunachal Pradesh,2013,Dowry Deaths,0,0,0,0,0,0,0,0,0
Arunachal Pradesh,2013,Assault on Women wih intent to outrage her Modesty,0,0,0,0,0,0,0,0,0
Arunachal Pradesh,2013,Insult to Modesty of Women,0,0,0,0,0,0,0,0,0
Arunachal Pradesh,2013,Cruelty by Husband or his Relatives,0,0,0,0,0,0,0,0,0
Arunachal Pradesh,2013,Importation of girls from Foreign Countries,0,0,0,0,0,0,0,0,0
Arunachal Pradesh,2013,Causing death by negligence,0,0,0,0,0,0,0,0,0
Arunachal Pradesh,2013,Other IPC Crimes,0,0,0,0,1,0,1,0,1
Arunachal Pradesh,2013,Total IPC Crimes,7,0,42,0,73,0,122,0,122
Assam,2013,Murder,0,0,4,0,19,0,23,0,23
Assam,2013,Attempt to Commit Murder,0,0,3,0,1,0,4,0,4
Assam,2013,C H Not amounting to Murder,0,0,0,0,3,0,3,0,3
Assam,2013,Rape,0,0,5,0,44,0,49,0,49
Assam,2013,Custodial Rape,0,0,0,0,0,0,0,0,0
Assam,2013,Other Rape,0,0,5,0,44,0,49,0,49
Assam,2013,Kidnapping & Abduction,0,0,7,0,71,1,78,1,79
Assam,2013,K & A of Women and Girls,0,0,5,0,64,0,69,0,69
Assam,2013,K & A of others,0,0,2,0,7,1,9,1,10
Assam,2013,Dacoity,0,0,0,0,0,0,0,0,0
Assam,2013,Preparation & Assembly for Dacoity,0,0,0,0,0,0,0,0,0
Assam,2013,Robbery,0,0,0,0,1,0,1,0,1
Assam,2013,Burglary,0,0,73,0,55,0,128,0,128
Assam,2013,Theft,8,0,88,6,82,0,178,6,184
Assam,2013,Auto Theft,0,0,1,0,1,0,2,0,2
Assam,2013,Other Theft,8,0,87,6,81,0,176,6,182
Assam,2013,Riots,0,0,4,0,20,0,24,0,24
Assam,2013,Criminal Breach of Trust,0,0,0,0,0,0,0,0,0
Assam,2013,Cheating,0,0,1,0,0,0,1,0,1
Assam,2013,Counterfeiting,0,0,0,0,0,0,0,0,0
Assam,2013,Arson,0,0,5,0,4,0,9,0,9
Assam,2013,Hurt/Grevious Hurt,0,0,8,0,19,0,27,0,27
Assam,2013,Dowry Deaths,0,0,0,0,0,0,0,0,0
Assam,2013,Assault on Women wih intent to outrage her Modesty,0,0,1,0,5,0,6,0,6
Assam,2013,Insult to Modesty of Women,0,0,0,0,0,0,0,0,0
Assam,2013,Cruelty by Husband or his Relatives,0,0,0,0,7,0,7,0,7
Assam,2013,Importation of girls from Foreign Countries,0,0,0,0,0,0,0,0,0
Assam,2013,Causing death by negligence,0,0,0,0,0,0,0,0,0
Assam,2013,Other IPC Crimes,11,0,25,0,66,1,102,1,103
Assam,2013,Total IPC Crimes,19,0,224,6,397,2,640,8,648
Bihar,2013,Murder,0,0,17,6,49,1,66,7,73
Bihar,2013,Attempt to Commit Murder,0,0,26,0,59,0,85,0,85
Bihar,2013,C H Not amounting to Murder,0,0,1,0,4,0,5,0,5
Bihar,2013,Rape,1,0,11,0,54,0,66,0,66
Bihar,2013,Custodial Rape,0,0,0,0,0,0,0,0,0
Bihar,2013,Other Rape,1,0,11,0,54,0,66,0,66
Bihar,2013,Kidnapping & Abduction,8,3,27,0,117,2,152,5,157
Bihar,2013,K & A of Women and Girls,7,0,24,0,92,2,123,2,125
Bihar,2013,K & A of others,1,3,3,0,25,0,29,3,32
Bihar,2013,Dacoity,0,0,1,0,10,0,11,0,11
Bihar,2013,Preparation & Assembly for Dacoity,0,0,0,0,3,0,3,0,3
Bihar,2013,Robbery,0,0,11,0,35,0,46,0,46
Bihar,2013,Burglary,0,0,8,0,41,0,49,0,49
Bihar,2013,Theft,27,0,57,0,245,0,329,0,329
Bihar,2013,Auto Theft,0,0,7,0,69,0,76,0,76
Bihar,2013,Other Theft,27,0,50,0,176,0,253,0,253
Bihar,2013,Riots,6,0,41,0,176,4,223,4,227
Bihar,2013,Criminal Breach of Trust,0,0,0,0,0,0,0,0,0
Bihar,2013,Cheating,0,0,2,0,31,2,33,2,35
Bihar,2013,Counterfeiting,0,0,0,0,0,0,0,0,0
Bihar,2013,Arson,0,0,1,0,0,0,1,0,1
Bihar,2013,Hurt/Grevious Hurt,0,0,30,0,326,21,356,21,377
Bihar,2013,Dowry Deaths,0,0,0,0,14,0,14,0,14
Bihar,2013,Assault on Women wih intent to outrage her Modesty,0,0,4,0,29,0,33,0,33
Bihar,2013,Insult to Modesty of Women,0,0,1,0,0,0,1,0,1
Bihar,2013,Cruelty by Husband or his Relatives,0,0,0,2,4,2,4,4,8
Bihar,2013,Importation of girls from Foreign Countries,0,0,0,0,0,0,0,0,0
Bihar,2013,Causing death by negligence,0,0,3,2,3,0,6,2,8
Bihar,2013,Other IPC Crimes,0,0,51,4,228,3,279,7,286
Bihar,2013,Total IPC Crimes,42,3,292,14,1428,35,1762,52,1814
Chhattisgarh,2013,Murder,2,1,20,2,32,1,54,4,58
Chhattisgarh,2013,Attempt to Commit Murder,1,0,20,1,14,0,35,1,36
Chhattisgarh,2013,C H Not amounting to Murder,0,0,0,0,2,0,2,0,2
Chhattisgarh,2013,Rape,3,0,52,0,80,0,135,0,135
Chhattisgarh,2013,Custodial Rape,0,0,0,0,0,0,0,0,0
Chhattisgarh,2013,Other Rape,3,0,52,0,80,0,135,0,135
Chhattisgarh,2013,Kidnapping & Abduction,2,1,20,1,24,2,46,4,50
Chhattisgarh,2013,K & A of Women and Girls,2,1,18,0,16,2,36,3,39
Chhattisgarh,2013,K & A of others,0,0,2,1,8,0,10,1,11
Chhattisgarh,2013,Dacoity,0,0,10,0,5,0,15,0,15
Chhattisgarh,2013,Preparation & Assembly for Dacoity,0,0,0,0,0,0,0,0,0
Chhattisgarh,2013,Robbery,0,0,14,0,11,0,25,0,25
Chhattisgarh,2013,Burglary,10,0,164,2,70,1,244,3,247
Chhattisgarh,2013,Theft,9,0,164,3,116,0,289,3,292
Chhattisgarh,2013,Auto Theft,0,0,29,0,39,0,68,0,68
Chhattisgarh,2013,Other Theft,9,0,135,3,77,0,221,3,224
Chhattisgarh,2013,Riots,0,0,31,8,30,3,61,11,72
Chhattisgarh,2013,Criminal Breach of Trust,0,0,1,0,0,0,1,0,1
Chhattisgarh,2013,Cheating,0,0,1,0,0,0,1,0,1
Chhattisgarh,2013,Counterfeiting,0,0,0,0,0,0,0,0,0
Chhattisgarh,2013,Arson,0,0,2,2,0,0,2,2,4
Chhattisgarh,2013,Hurt/Grevious Hurt,6,2,192,20,354,26,552,48,600
Chhattisgarh,2013,Dowry Deaths,0,0,0,0,1,0,1,0,1
Chhattisgarh,2013,Assault on Women wih intent to outrage her Modesty,0,0,63,0,58,0,121,0,121
Chhattisgarh,2013,Insult to Modesty of Women,0,0,1,0,7,0,8,0,8
Chhattisgarh,2013,Cruelty by Husband or his Relatives,0,0,6,9,3,2,9,11,20
Chhattisgarh,2013,Importation of girls from Foreign Countries,0,0,0,0,0,0,0,0,0
Chhattisgarh,2013,Causing death by negligence,0,0,3,0,17,0,20,0,20
Chhattisgarh,2013,Other IPC Crimes,13,5,332,21,182,15,527,41,568
Chhattisgarh,2013,Total IPC Crimes,46,9,1096,69,1006,50,2148,128,2276
Goa,2013,Murder,0,0,0,0,1,0,1,0,1
Goa,2013,Attempt to Commit Murder,0,0,0,0,0,0,0,0,0
Goa,2013,C H Not amounting to Murder,0,0,0,0,0,0,0,0,0
Goa,2013,Rape,0,0,0,0,1,0,1,0,1
Goa,2013,Custodial Rape,0,0,0,0,0,0,0,0,0
Goa,2013,Other Rape,0,0,0,0,1,0,1,0,1
Goa,2013,Kidnapping & Abduction,0,1,0,0,3,0,3,1,4
Goa,2013,K & A of Women and Girls,0,1,0,0,3,0,3,1,4
Goa,2013,K & A of others,0,0,0,0,0,0,0,0,0
Goa,2013,Dacoity,0,0,0,0,0,0,0,0,0
Goa,2013,Preparation & Assembly for Dacoity,0,0,0,0,0,0,0,0,0
Goa,2013,Robbery,0,0,1,0,1,0,2,0,2
Goa,2013,Burglary,1,0,9,0,12,0,22,0,22
Goa,2013,Theft,1,0,17,0,14,0,32,0,32
Goa,2013,Auto Theft,0,0,2,0,4,0,6,0,6
Goa,2013,Other Theft,1,0,15,0,10,0,26,0,26
Goa,2013,Riots,0,0,0,0,3,0,3,0,3
Goa,2013,Criminal Breach of Trust,0,0,0,0,0,0,0,0,0
Goa,2013,Cheating,0,0,0,0,0,0,0,0,0
Goa,2013,Counterfeiting,0,0,0,0,0,0,0,0,0
Goa,2013,Arson,0,0,0,0,0,0,0,0,0
Goa,2013,Hurt/Grevious Hurt,0,0,0,0,2,0,2,0,2
Goa,2013,Dowry Deaths,0,0,0,0,0,0,0,0,0
Goa,2013,Assault on Women wih intent to outrage her Modesty,0,0,1,0,0,0,1,0,1
Goa,2013,Insult to Modesty of Women,0,0,0,0,0,0,0,0,0
Goa,2013,Cruelty by Husband or his Relatives,0,0,0,0,0,0,0,0,0
Goa,2013,Importation of girls from Foreign Countries,0,0,0,0,0,0,0,0,0
Goa,2013,Causing death by negligence,0,0,0,0,0,0,0,0,0
Goa,2013,Other IPC Crimes,0,0,1,0,1,0,2,0,2
Goa,2013,Total IPC Crimes,2,1,29,0,38,0,69,1,70
Gujarat,2013,Murder,1,0,14,0,38,3,53,3,56
Gujarat,2013,Attempt to Commit Murder,0,0,3,1,28,0,31,1,32
Gujarat,2013,C H Not amounting to Murder,0,0,0,0,0,0,0,0,0
Gujarat,2013,Rape,0,0,6,0,21,0,27,0,27
Gujarat,2013,Custodial Rape,0,0,0,0,0,0,0,0,0
Gujarat,2013,Other Rape,0,0,6,0,21,0,27,0,27
Gujarat,2013,Kidnapping & Abduction,0,0,11,6,63,8,74,14,88
Gujarat,2013,K & A of Women and Girls,0,0,10,4,55,4,65,8,73
Gujarat,2013,K & A of others,0,0,1,2,8,4,9,6,15
Gujarat,2013,Dacoity,0,0,2,1,13,0,15,1,16
Gujarat,2013,Preparation & Assembly for Dacoity,0,0,0,0,2,0,2,0,2
Gujarat,2013,Robbery,0,0,7,0,57,0,64,0,64
Gujarat,2013,Burglary,5,2,35,1,104,3,144,6,150
Gujarat,2013,Theft,11,2,124,7,295,9,430,18,448
Gujarat,2013,Auto Theft,2,0,59,0,158,0,219,0,219
Gujarat,2013,Other Theft,9,2,65,7,137,9,211,18,229
Gujarat,2013,Riots,1,0,22,4,80,3,103,7,110
Gujarat,2013,Criminal Breach of Trust,0,0,1,1,5,1,6,2,8
Gujarat,2013,Cheating,0,0,0,0,1,1,1,1,2
Gujarat,2013,Counterfeiting,0,0,0,0,0,0,0,0,0
Gujarat,2013,Arson,0,0,0,0,7,0,7,0,7
Gujarat,2013,Hurt/Grevious Hurt,1,0,68,4,271,13,340,17,357
Gujarat,2013,Dowry Deaths,0,0,0,0,0,0,0,0,0
Gujarat,2013,Assault on Women wih intent to outrage her Modesty,1,0,16,0,38,2,55,2,57
Gujarat,2013,Insult to Modesty of Women,0,0,1,0,1,0,2,0,2
Gujarat,2013,Cruelty by Husband or his Relatives,0,0,6,6,22,23,28,29,57
Gujarat,2013,Importation of girls from Foreign Countries,0,0,0,0,0,0,0,0,0
Gujarat,2013,Causing death by negligence,0,0,2,0,7,0,9,0,9
Gujarat,2013,Other IPC Crimes,0,1,66,6,305,26,371,33,404
Gujarat,2013,Total IPC Crimes,20,5,384,37,1358,92,1762,134,1896
Haryana,2013,Murder,0,0,9,0,37,2,46,2,48
Haryana,2013,Attempt to Commit Murder,0,0,9,0,27,0,36,0,36
Haryana,2013,C H Not amounting to Murder,0,0,1,0,2,0,3,0,3
Haryana,2013,Rape,0,0,15,0,36,1,51,1,52
Haryana,2013,Custodial Rape,0,0,0,0,0,0,0,0,0
Haryana,2013,Other Rape,0,0,15,0,36,1,51,1,52
Haryana,2013,Kidnapping & Abduction,0,0,9,0,33,0,42,0,42
Haryana,2013,K & A of Women and Girls,0,0,9,0,32,0,41,0,41
Haryana,2013,K & A of others,0,0,0,0,1,0,1,0,1
Haryana,2013,Dacoity,0,0,0,0,12,0,12,0,12
Haryana,2013,Preparation & Assembly for Dacoity,0,0,0,0,8,0,8,0,8
Haryana,2013,Robbery,0,0,2,0,21,0,23,0,23
Haryana,2013,Burglary,2,0,45,0,95,0,142,0,142
Haryana,2013,Theft,1,0,32,0,136,1,169,1,170
Haryana,2013,Auto Theft,1,0,16,0,85,0,102,0,102
Haryana,2013,Other Theft,0,0,16,0,51,1,67,1,68
Haryana,2013,Riots,0,0,18,0,66,0,84,0,84
Haryana,2013,Criminal Breach of Trust,0,0,1,0,0,0,1,0,1
Haryana,2013,Cheating,0,0,2,0,3,0,5,0,5
Haryana,2013,Counterfeiting,0,0,0,0,0,0,0,0,0
Haryana,2013,Arson,0,0,0,0,0,0,0,0,0
Haryana,2013,Hurt/Grevious Hurt,0,0,21,1,107,0,128,1,129
Haryana,2013,Dowry Deaths,0,1,0,0,0,0,0,1,1
Haryana,2013,Assault on Women wih intent to outrage her Modesty,0,0,16,0,43,0,59,0,59
Haryana,2013,Insult to Modesty of Women,0,0,3,0,10,0,13,0,13
Haryana,2013,Cruelty by Husband or his Relatives,0,0,2,0,9,0,11,0,11
Haryana,2013,Importation of girls from Foreign Countries,0,0,0,0,0,0,0,0,0
Haryana,2013,Causing death by negligence,0,0,0,0,3,0,3,0,3
Haryana,2013,Other IPC Crimes,0,0,84,1,261,2,345,3,348
Haryana,2013,Total IPC Crimes,3,1,269,2,909,6,1181,9,1190
Himachal Pradesh,2013,Murder,0,0,1,0,2,0,3,0,3
Himachal Pradesh,2013,Attempt to Commit Murder,0,0,0,0,0,0,0,0,0
Himachal Pradesh,2013,C H Not amounting to Murder,0,0,0,0,0,0,0,0,0
Himachal Pradesh,2013,Rape,0,0,2,0,13,0,15,0,15
Himachal Pradesh,2013,Custodial Rape,0,0,0,0,0,0,0,0,0
Himachal Pradesh,2013,Other Rape,0,0,2,0,13,0,15,0,15
Himachal Pradesh,2013,Kidnapping & Abduction,0,0,0,0,3,0,3,0,3
Himachal Pradesh,2013,K & A of Women and Girls,0,0,0,0,3,0,3,0,3
Himachal Pradesh,2013,K & A of others,0,0,0,0,0,0,0,0,0
Himachal Pradesh,2013,Dacoity,0,0,0,0,0,0,0,0,0
Himachal Pradesh,2013,Preparation & Assembly for Dacoity,0,0,0,0,0,0,0,0,0
Himachal Pradesh,2013,Robbery,0,0,0,0,0,0,0,0,0
Himachal Pradesh,2013,Burglary,5,2,22,0,23,0,50,2,52
Himachal Pradesh,2013,Theft,3,0,7,0,23,0,33,0,33
Himachal Pradesh,2013,Auto Theft,0,0,0,0,11,0,11,0,11
Himachal Pradesh,2013,Other Theft,3,0,7,0,12,0,22,0,22
Himachal Pradesh,2013,Riots,1,0,5,1,7,3,13,4,17
Himachal Pradesh,2013,Criminal Breach of Trust,0,0,0,0,0,0,0,0,0
Himachal Pradesh,2013,Cheating,0,0,1,0,0,0,1,0,1
Himachal Pradesh,2013,Counterfeiting,0,0,0,0,0,0,0,0,0
Himachal Pradesh,2013,Arson,0,0,0,0,0,0,0,0,0
Himachal Pradesh,2013,Hurt/Grevious Hurt,0,0,7,0,13,1,20,1,21
Himachal Pradesh,2013,Dowry Deaths,0,0,0,0,0,0,0,0,0
Himachal Pradesh,2013,Assault on Women wih intent to outrage her Modesty,0,0,2,0,4,0,6,0,6
Himachal Pradesh,2013,Insult to Modesty of Women,0,0,1,0,0,0,1,0,1
Himachal Pradesh,2013,Cruelty by Husband or his Relatives,0,0,0,0,0,1,0,1,1
Himachal Pradesh,2013,Importation of girls from Foreign Countries,0,0,0,0,0,0,0,0,0
Himachal Pradesh,2013,Causing death by negligence,0,0,0,0,0,0,0,0,0
Himachal Pradesh,2013,Other IPC Crimes,1,0,24,0,42,0,67,0,67
Himachal Pradesh,2013,Total IPC Crimes,10,2,72,1,130,5,212,8,220
Jammu & Kashmir,2013,Murder,0,0,3,0,3,0,6,0,6
Jammu & Kashmir,2013,Attempt to Commit Murder,0,0,2,0,5,0,7,0,7
Jammu & Kashmir,2013,C H Not amounting to Murder,0,0,0,0,0,0,0,0,0
Jammu & Kashmir,2013,Rape,0,0,4,0,1,0,5,0,5
Jammu & Kashmir,2013,Custodial Rape,0,0,0,0,0,0,0,0,0
Jammu & Kashmir,2013,Other Rape,0,0,4,0,1,0,5,0,5
Jammu & Kashmir,2013,Kidnapping & Abduction,0,0,0,0,0,0,0,0,0
Jammu & Kashmir,2013,K & A of Women and Girls,0,0,0,0,0,0,0,0,0
Jammu & Kashmir,2013,K & A of others,0,0,0,0,0,0,0,0,0
Jammu & Kashmir,2013,Dacoity,0,0,0,0,0,0,0,0,0
Jammu & Kashmir,2013,Preparation & Assembly for Dacoity,0,0,0,0,0,0,0,0,0
Jammu & Kashmir,2013,Robbery,0,0,0,0,2,0,2,0,2
Jammu & Kashmir,2013,Burglary,0,0,11,0,5,0,16,0,16
Jammu & Kashmir,2013,Theft,0,0,7,0,6,0,13,0,13
Jammu & Kashmir,2013,Auto Theft,0,0,0,0,1,0,1,0,1
Jammu & Kashmir,2013,Other Theft,0,0,7,0,5,0,12,0,12
Jammu & Kashmir,2013,Riots,0,0,21,0,7,0,28,0,28
Jammu & Kashmir,2013,Criminal Breach of Trust,0,0,0,0,0,0,0,0,0
Jammu & Kashmir,2013,Cheating,0,0,0,0,0,0,0,0,0
Jammu & Kashmir,2013,Counterfeiting,0,0,0,0,0,0,0,0,0
Jammu & Kashmir,2013,Arson,0,0,1,0,0,0,1,0,1
Jammu & Kashmir,2013,Hurt/Grevious Hurt,0,0,0,0,0,0,0,0,0
Jammu & Kashmir,2013,Dowry Deaths,0,0,0,0,0,0,0,0,0
Jammu & Kashmir,2013,Assault on Women wih intent to outrage her Modesty,0,0,3,0,1,0,4,0,4
Jammu & Kashmir,2013,Insult to Modesty of Women,0,0,3,0,0,0,3,0,3
Jammu & Kashmir,2013,Cruelty by Husband or his Relatives,0,0,0,0,0,0,0,0,0
Jammu & Kashmir,2013,Importation of girls from Foreign Countries,0,0,0,0,0,0,0,0,0
Jammu & Kashmir,2013,Causing death by negligence,0,0,0,0,1,0,1,0,1
Jammu & Kashmir,2013,Other IPC Crimes,3,0,24,2,16,0,43,2,45
Jammu & Kashmir,2013,Total IPC Crimes,3,0,79,2,47,0,129,2,131
Jharkhand,2013,Murder,0,0,15,0,8,0,23,0,23
Jharkhand,2013,Attempt to Commit Murder,0,0,5,0,11,0,16,0,16
Jharkhand,2013,C H Not amounting to Murder,0,0,0,0,0,0,0,0,0
Jharkhand,2013,Rape,0,0,9,0,27,0,36,0,36
Jharkhand,2013,Custodial Rape,0,0,0,0,0,0,0,0,0
Jharkhand,2013,Other Rape,0,0,9,0,27,0,36,0,36
Jharkhand,2013,Kidnapping & Abduction,0,8,2,9,17,17,19,34,53
Jharkhand,2013,K & A of Women and Girls,0,8,2,7,12,16,14,31,45
Jharkhand,2013,K & A of others,0,0,0,2,5,1,5,3,8
Jharkhand,2013,Dacoity,0,0,0,0,3,0,3,0,3
Jharkhand,2013,Preparation & Assembly for Dacoity,0,0,0,0,1,0,1,0,1
Jharkhand,2013,Robbery,0,0,3,0,5,0,8,0,8
Jharkhand,2013,Burglary,2,0,8,0,11,0,21,0,21
Jharkhand,2013,Theft,3,0,16,1,50,0,69,1,70
Jharkhand,2013,Auto Theft,0,0,4,0,5,0,9,0,9
Jharkhand,2013,Other Theft,3,0,12,1,45,0,60,1,61
Jharkhand,2013,Riots,0,0,14,5,28,2,42,7,49
Jharkhand,2013,Criminal Breach of Trust,0,0,0,0,2,0,2,0,2
Jharkhand,2013,Cheating,0,0,1,0,7,0,8,0,8
Jharkhand,2013,Counterfeiting,0,0,0,0,0,0,0,0,0
Jharkhand,2013,Arson,0,0,0,0,1,0,1,0,1
Jharkhand,2013,Hurt/Grevious Hurt,0,0,2,0,19,0,21,0,21
Jharkhand,2013,Dowry Deaths,0,0,0,0,0,0,0,0,0
Jharkhand,2013,Assault on Women wih intent to outrage her Modesty,0,0,0,0,0,0,0,0,0
Jharkhand,2013,Insult to Modesty of Women,0,0,0,0,0,0,0,0,0
Jharkhand,2013,Cruelty by Husband or his Relatives,0,0,0,0,0,0,0,0,0
Jharkhand,2013,Importation of girls from Foreign Countries,0,0,0,0,0,0,0,0,0
Jharkhand,2013,Causing death by negligence,0,0,0,0,2,0,2,0,2
Jharkhand,2013,Other IPC Crimes,0,0,14,0,30,0,44,0,44
Jharkhand,2013,Total IPC Crimes,5,8,89,15,222,19,316,42,358
Karnataka,2013,Murder,0,0,9,2,20,1,29,3,32
Karnataka,2013,Attempt to Commit Murder,0,0,3,0,24,0,27,0,27
Karnataka,2013,C H Not amounting to Murder,0,0,1,0,0,0,1,0,1
Karnataka,2013,Rape,0,0,7,0,9,2,16,2,18
Karnataka,2013,Custodial Rape,0,0,0,0,0,0,0,0,0
Karnataka,2013,Other Rape,0,0,7,0,9,2,16,2,18
Karnataka,2013,Kidnapping & Abduction,0,0,1,0,5,0,6,0,6
Karnataka,2013,K & A of Women and Girls,0,0,0,0,5,0,5,0,5
Karnataka,2013,K & A of others,0,0,1,0,0,0,1,0,1
Karnataka,2013,Dacoity,0,0,3,0,13,0,16,0,16
Karnataka,2013,Preparation & Assembly for Dacoity,0,0,1,0,6,0,7,0,7
Karnataka,2013,Robbery,0,0,5,0,38,0,43,0,43
Karnataka,2013,Burglary,2,0,30,0,28,2,60,2,62
Karnataka,2013,Theft,3,0,50,0,76,1,129,1,130
Karnataka,2013,Auto Theft,0,0,28,0,50,0,78,0,78
Karnataka,2013,Other Theft,3,0,22,0,26,1,51,1,52
Karnataka,2013,Riots,2,0,4,0,10,0,16,0,16
Karnataka,2013,Criminal Breach of Trust,0,0,0,0,0,0,0,0,0
Karnataka,2013,Cheating,0,0,1,0,6,0,7,0,7
Karnataka,2013,Counterfeiting,0,0,0,0,0,0,0,0,0
Karnataka,2013,Arson,0,0,0,0,0,0,0,0,0
Karnataka,2013,Hurt/Grevious Hurt,0,0,21,1,39,0,60,1,61
Karnataka,2013,Dowry Deaths,0,0,0,0,0,0,0,0,0
Karnataka,2013,Assault on Women wih intent to outrage her Modesty,0,0,2,0,2,1,4,1,5
Karnataka,2013,Insult to Modesty of Women,0,0,0,0,1,0,1,0,1
Karnataka,2013,Cruelty by Husband or his Relatives,0,0,0,0,0,0,0,0,0
Karnataka,2013,Importation of girls from Foreign Countries,0,0,0,0,0,0,0,0,0
Karnataka,2013,Causing death by negligence,0,0,1,0,0,0,1,0,1
Karnataka,2013,Other IPC Crimes,5,0,14,0,31,3,50,3,53
Karnataka,2013,Total IPC Crimes,12,0,153,3,308,10,473,13,486
Kerala,2013,Murder,0,0,1,0,6,0,7,0,7
Kerala,2013,Attempt to Commit Murder,0,0,7,0,10,0,17,0,17
Kerala,2013,C H Not amounting to Murder,0,0,0,0,4,0,4,0,4
Kerala,2013,Rape,0,0,14,0,20,0,34,0,34
Kerala,2013,Custodial Rape,0,0,0,0,0,0,0,0,0
Kerala,2013,Other Rape,0,0,14,0,20,0,34,0,34
Kerala,2013,Kidnapping & Abduction,0,0,0,0,7,0,7,0,7
Kerala,2013,K & A of Women and Girls,0,0,0,0,7,0,7,0,7
Kerala,2013,K & A of others,0,0,0,0,0,0,0,0,0
Kerala,2013,Dacoity,0,0,0,0,1,0,1,0,1
Kerala,2013,Preparation & Assembly for Dacoity,0,0,0,0,1,0,1,0,1
Kerala,2013,Robbery,0,0,1,0,17,0,18,0,18
Kerala,2013,Burglary,0,0,37,0,73,2,110,2,112
Kerala,2013,Theft,0,0,59,1,211,3,270,4,274
Kerala,2013,Auto Theft,0,0,25,0,102,0,127,0,127
Kerala,2013,Other Theft,0,0,34,1,109,3,143,4,147
Kerala,2013,Riots,0,0,41,0,272,0,313,0,313
Kerala,2013,Criminal Breach of Trust,0,0,0,0,0,0,0,0,0
Kerala,2013,Cheating,0,0,0,0,1,0,1,0,1
Kerala,2013,Counterfeiting,0,0,0,0,0,0,0,0,0
Kerala,2013,Arson,0,0,1,0,4,0,5,0,5
Kerala,2013,Hurt/Grevious Hurt,0,0,21,0,157,1,178,1,179
Kerala,2013,Dowry Deaths,0,0,0,0,0,0,0,0,0
Kerala,2013,Assault on Women wih intent to outrage her Modesty,0,0,2,0,13,0,15,0,15
Kerala,2013,Insult to Modesty of Women,0,0,0,0,5,0,5,0,5
Kerala,2013,Cruelty by Husband or his Relatives,0,0,0,0,0,0,0,0,0
Kerala,2013,Importation of girls from Foreign Countries,0,0,0,0,0,0,0,0,0
Kerala,2013,Causing death by negligence,0,0,0,0,0,0,0,0,0
Kerala,2013,Other IPC Crimes,0,0,29,0,117,0,146,0,146
Kerala,2013,Total IPC Crimes,0,0,213,1,919,6,1132,7,1139
Madhya Pradesh,2013,Murder,1,0,41,2,111,2,153,4,157
Madhya Pradesh,2013,Attempt to Commit Murder,2,0,50,1,146,2,198,3,201
Madhya Pradesh,2013,C H Not amounting to Murder,0,0,2,0,2,0,4,0,4
Madhya Pradesh,2013,Rape,4,0,98,2,259,3,361,5,366
Madhya Pradesh,2013,Custodial Rape,0,0,0,0,0,0,0,0,0
Madhya Pradesh,2013,Other Rape,4,0,98,2,259,3,361,5,366
Madhya Pradesh,2013,Kidnapping & Abduction,0,0,18,3,84,6,102,9,111
Madhya Pradesh,2013,K & A of Women and Girls,0,0,17,3,80,1,97,4,101
Madhya Pradesh,2013,K & A of others,0,0,1,0,4,5,5,5,10
Madhya Pradesh,2013,Dacoity,0,0,0,0,0,0,0,0,0
Madhya Pradesh,2013,Preparation & Assembly for Dacoity,0,0,0,0,4,0,4,0,4
Madhya Pradesh,2013,Robbery,0,0,13,0,61,0,74,0,74
Madhya Pradesh,2013,Burglary,18,1,192,2,239,2,449,5,454
Madhya Pradesh,2013,Theft,8,1,169,11,432,8,609,20,629
Madhya Pradesh,2013,Auto Theft,0,0,41,0,166,5,207,5,212
Madhya Pradesh,2013,Other Theft,8,1,128,11,266,3,402,15,417
Madhya Pradesh,2013,Riots,2,0,33,2,63,3,98,5,103
Madhya Pradesh,2013,Criminal Breach of Trust,0,0,0,0,1,0,1,0,1
Madhya Pradesh,2013,Cheating,0,0,4,0,14,0,18,0,18
Madhya Pradesh,2013,Counterfeiting,0,0,0,0,0,0,0,0,0
Madhya Pradesh,2013,Arson,1,0,4,0,1,0,6,0,6
Madhya Pradesh,2013,Hurt/Grevious Hurt,38,0,397,30,751,53,1186,83,1269
Madhya Pradesh,2013,Dowry Deaths,1,0,0,5,6,7,7,12,19
Madhya Pradesh,2013,Assault on Women wih intent to outrage her Modesty,4,0,79,2,284,0,367,2,369
Madhya Pradesh,2013,Insult to Modesty of Women,0,0,8,0,55,0,63,0,63
Madhya Pradesh,2013,Cruelty by Husband or his Relatives,1,0,15,9,27,26,43,35,78
Madhya Pradesh,2013,Importation of girls from Foreign Countries,0,0,0,0,0,0,0,0,0
Madhya Pradesh,2013,Causing death by negligence,1,0,9,0,34,3,44,3,47
Madhya Pradesh,2013,Other IPC Crimes,52,4,897,59,1763,109,2712,172,2884
Madhya Pradesh,2013,Total IPC Crimes,133,6,2029,128,4337,224,6499,358,6857
Maharashtra,2013,Murder,4,0,56,6,129,6,189,12,201
Maharashtra,2013,Attempt to Commit Murder,0,0,43,4,130,1,173,5,178
Maharashtra,2013,C H Not amounting to Murder,1,0,2,0,3,0,6,0,6
Maharashtra,2013,Rape,3,0,61,1,156,5,220,6,226
Maharashtra,2013,Custodial Rape,0,0,0,0,0,0,0,0,0
Maharashtra,2013,Other Rape,3,0,61,1,156,5,220,6,226
Maharashtra,2013,Kidnapping & Abduction,2,0,11,1,98,8,111,9,120
Maharashtra,2013,K & A of Women and Girls,1,0,7,1,83,7,91,8,99
Maharashtra,2013,K & A of others,1,0,4,0,15,1,20,1,21
Maharashtra,2013,Dacoity,1,0,22,0,86,1,109,1,110
Maharashtra,2013,Preparation & Assembly for Dacoity,1,0,5,0,26,0,32,0,32
Maharashtra,2013,Robbery,1,0,78,2,313,5,392,7,399
Maharashtra,2013,Burglary,39,1,317,4,562,8,918,13,931
Maharashtra,2013,Theft,65,3,549,13,1124,42,1738,58,1796
Maharashtra,2013,Auto Theft,8,0,183,1,379,0,570,1,571
Maharashtra,2013,Other Theft,57,3,366,12,745,42,1168,57,1225
Maharashtra,2013,Riots,2,0,210,16,586,33,798,49,847
Maharashtra,2013,Criminal Breach of Trust,0,0,2,0,3,0,5,0,5
Maharashtra,2013,Cheating,0,0,6,0,16,0,22,0,22
Maharashtra,2013,Counterfeiting,0,0,4,0,5,1,9,1,10
Maharashtra,2013,Arson,0,0,4,1,17,2,21,3,24
Maharashtra,2013,Hurt/Grevious Hurt,17,2,366,21,1037,42,1420,65,1485
Maharashtra,2013,Dowry Deaths,0,0,2,0,6,0,8,0,8
Maharashtra,2013,Assault on Women wih intent to outrage her Modesty,4,0,108,1,249,4,361,5,366
Maharashtra,2013,Insult to Modesty of Women,0,0,16,2,63,1,79,3,82
Maharashtra,2013,Cruelty by Husband or his Relatives,3,1,16,17,25,25,44,43,87
Maharashtra,2013,Importation of girls from Foreign Countries,0,0,0,0,0,0,0,0,0
Maharashtra,2013,Causing death by negligence,0,0,13,0,47,3,60,3,63
Maharashtra,2013,Other IPC Crimes,11,0,158,15,405,26,574,41,615
Maharashtra,2013,Total IPC Crimes,154,7,2049,104,5086,213,7289,324,7613
Manipur,2013,Murder,0,0,0,0,3,0,3,0,3
Manipur,2013,Attempt to Commit Murder,0,0,0,0,0,0,0,0,0
Manipur,2013,C H Not amounting to Murder,0,0,0,0,0,0,0,0,0
Manipur,2013,Rape,2,0,0,0,0,0,2,0,2
Manipur,2013,Custodial Rape,0,0,0,0,0,0,0,0,0
Manipur,2013,Other Rape,2,0,0,0,0,0,2,0,2
Manipur,2013,Kidnapping & Abduction,0,0,0,0,0,0,0,0,0
Manipur,2013,K & A of Women and Girls,0,0,0,0,0,0,0,0,0
Manipur,2013,K & A of others,0,0,0,0,0,0,0,0,0
Manipur,2013,Dacoity,0,0,0,0,0,0,0,0,0
Manipur,2013,Preparation & Assembly for Dacoity,0,0,0,0,0,0,0,0,0
Manipur,2013,Robbery,0,0,0,0,0,0,0,0,0
Manipur,2013,Burglary,0,0,1,0,0,0,1,0,1
Manipur,2013,Theft,0,0,0,0,0,0,0,0,0
Manipur,2013,Auto Theft,0,0,0,0,0,0,0,0,0
Manipur,2013,Other Theft,0,0,0,0,0,0,0,0,0
Manipur,2013,Riots,0,0,0,0,0,0,0,0,0
Manipur,2013,Criminal Breach of Trust,0,0,0,0,0,0,0,0,0
Manipur,2013,Cheating,0,0,0,0,0,0,0,0,0
Manipur,2013,Counterfeiting,0,0,0,0,0,0,0,0,0
Manipur,2013,Arson,0,0,0,0,0,0,0,0,0
Manipur,2013,Hurt/Grevious Hurt,0,0,0,0,0,0,0,0,0
Manipur,2013,Dowry Deaths,0,0,0,0,0,0,0,0,0
Manipur,2013,Assault on Women wih intent to outrage her Modesty,0,0,0,0,0,0,0,0,0
Manipur,2013,Insult to Modesty of Women,0,0,0,0,0,0,0,0,0
Manipur,2013,Cruelty by Husband or his Relatives,0,0,0,0,0,0,0,0,0
Manipur,2013,Importation of girls from Foreign Countries,0,0,0,0,0,0,0,0,0
Manipur,2013,Causing death by negligence,0,0,0,0,0,0,0,0,0
Manipur,2013,Other IPC Crimes,0,0,0,0,0,0,0,0,0
Manipur,2013,Total IPC Crimes,2,0,1,0,3,0,6,0,6
Meghalaya,2013,Murder,0,0,4,0,5,0,9,0,9
Meghalaya,2013,Attempt to Commit Murder,0,0,1,0,4,0,5,0,5
Meghalaya,2013,C H Not amounting to Murder,0,0,0,0,0,0,0,0,0
Meghalaya,2013,Rape,8,0,4,0,11,0,23,0,23
Meghalaya,2013,Custodial Rape,0,0,0,0,0,0,0,0,0
Meghalaya,2013,Other Rape,8,0,4,0,11,0,23,0,23
Meghalaya,2013,Kidnapping & Abduction,0,0,2,0,5,0,7,0,7
Meghalaya,2013,K & A of Women and Girls,0,0,2,0,4,0,6,0,6
Meghalaya,2013,K & A of others,0,0,0,0,1,0,1,0,1
Meghalaya,2013,Dacoity,0,0,0,0,4,0,4,0,4
Meghalaya,2013,Preparation & Assembly for Dacoity,0,0,0,0,0,0,0,0,0
Meghalaya,2013,Robbery,0,0,1,0,4,0,5,0,5
Meghalaya,2013,Burglary,4,0,10,0,14,0,28,0,28
Meghalaya,2013,Theft,3,0,6,2,16,1,25,3,28
Meghalaya,2013,Auto Theft,0,0,1,0,2,0,3,0,3
Meghalaya,2013,Other Theft,3,0,5,2,14,1,22,3,25
Meghalaya,2013,Riots,0,0,0,0,0,0,0,0,0
Meghalaya,2013,Criminal Breach of Trust,0,0,0,0,0,0,0,0,0
Meghalaya,2013,Cheating,0,0,1,0,1,0,2,0,2
Meghalaya,2013,Counterfeiting,0,0,0,0,0,0,0,0,0
Meghalaya,2013,Arson,0,0,0,0,2,0,2,0,2
Meghalaya,2013,Hurt/Grevious Hurt,0,0,0,0,4,0,4,0,4
Meghalaya,2013,Dowry Deaths,0,0,0,0,0,0,0,0,0
Meghalaya,2013,Assault on Women wih intent to outrage her Modesty,0,0,1,0,0,0,1,0,1
Meghalaya,2013,Insult to Modesty of Women,0,0,0,0,0,0,0,0,0
Meghalaya,2013,Cruelty by Husband or his Relatives,0,0,0,0,0,0,0,0,0
Meghalaya,2013,Importation of girls from Foreign Countries,0,0,0,0,0,0,0,0,0
Meghalaya,2013,Causing death by negligence,0,0,0,0,0,0,0,0,0
Meghalaya,2013,Other IPC Crimes,2,0,3,2,20,3,25,5,30
Meghalaya,2013,Total IPC Crimes,17,0,33,4,90,4,140,8,148
Mizoram,2013,Murder,0,0,0,0,1,0,1,0,1
Mizoram,2013,Attempt to Commit Murder,0,0,0,0,0,0,0,0,0
Mizoram,2013,C H Not amounting to Murder,0,0,0,0,0,0,0,0,0
Mizoram,2013,Rape,2,0,6,0,1,0,9,0,9
Mizoram,2013,Custodial Rape,0,0,0,0,0,0,0,0,0
Mizoram,2013,Other Rape,2,0,6,0,1,0,9,0,9
Mizoram,2013,Kidnapping & Abduction,0,0,0,0,0,0,0,0,0
Mizoram,2013,K & A of Women and Girls,0,0,0,0,0,0,0,0,0
Mizoram,2013,K & A of others,0,0,0,0,0,0,0,0,0
Mizoram,2013,Dacoity,0,0,0,0,0,0,0,0,0
Mizoram,2013,Preparation & Assembly for Dacoity,0,0,0,0,0,0,0,0,0
Mizoram,2013,Robbery,0,0,0,0,0,0,0,0,0
Mizoram,2013,Burglary,3,0,17,0,15,0,35,0,35
Mizoram,2013,Theft,4,2,29,0,22,1,55,3,58
Mizoram,2013,Auto Theft,0,0,0,0,0,0,0,0,0
Mizoram,2013,Other Theft,4,2,29,0,22,1,55,3,58
Mizoram,2013,Riots,0,0,0,0,0,0,0,0,0
Mizoram,2013,Criminal Breach of Trust,0,0,0,0,0,0,0,0,0
Mizoram,2013,Cheating,0,0,0,0,0,0,0,0,0
Mizoram,2013,Counterfeiting,0,0,0,0,0,0,0,0,0
Mizoram,2013,Arson,0,0,0,0,1,0,1,0,1
Mizoram,2013,Hurt/Grevious Hurt,0,0,2,0,4,0,6,0,6
Mizoram,2013,Dowry Deaths,0,0,0,0,0,0,0,0,0
Mizoram,2013,Assault on Women wih intent to outrage her Modesty,1,0,1,0,1,0,3,0,3
Mizoram,2013,Insult to Modesty of Women,0,0,0,0,0,0,0,0,0
Mizoram,2013,Cruelty by Husband or his Relatives,0,0,0,0,0,0,0,0,0
Mizoram,2013,Importation of girls from Foreign Countries,0,0,0,0,0,0,0,0,0
Mizoram,2013,Causing death by negligence,0,0,0,0,0,0,0,0,0
Mizoram,2013,Other IPC Crimes,0,0,1,0,2,0,3,0,3
Mizoram,2013,Total IPC Crimes,10,2,56,0,47,1,113,3,116
Nagaland,2013,Murder,0,0,0,0,0,0,0,0,0
Nagaland,2013,Attempt to Commit Murder,0,0,0,0,0,0,0,0,0
Nagaland,2013,C H Not amounting to Murder,0,0,0,0,0,0,0,0,0
Nagaland,2013,Rape,0,0,0,0,0,0,0,0,0
Nagaland,2013,Custodial Rape,0,0,0,0,0,0,0,0,0
Nagaland,2013,Other Rape,0,0,0,0,0,0,0,0,0
Nagaland,2013,Kidnapping & Abduction,0,0,0,0,0,0,0,0,0
Nagaland,2013,K & A of Women and Girls,0,0,0,0,0,0,0,0,0
Nagaland,2013,K & A of others,0,0,0,0,0,0,0,0,0
Nagaland,2013,Dacoity,0,0,0,0,0,0,0,0,0
Nagaland,2013,Preparation & Assembly for Dacoity,0,0,0,0,0,0,0,0,0
Nagaland,2013,Robbery,0,0,0,0,0,0,0,0,0
Nagaland,2013,Burglary,0,0,0,0,0,0,0,0,0
Nagaland,2013,Theft,0,0,1,0,3,0,4,0,4
Nagaland,2013,Auto Theft,0,0,0,0,0,0,0,0,0
Nagaland,2013,Other Theft,0,0,1,0,3,0,4,0,4
Nagaland,2013,Riots,0,0,0,0,0,0,0,0,0
Nagaland,2013,Criminal Breach of Trust,0,0,0,0,0,0,0,0,0
Nagaland,2013,Cheating,0,0,0,0,0,0,0,0,0
Nagaland,2013,Counterfeiting,0,0,0,0,0,0,0,0,0
Nagaland,2013,Arson,0,0,0,0,0,0,0,0,0
Nagaland,2013,Hurt/Grevious Hurt,0,0,2,0,4,0,6,0,6
Nagaland,2013,Dowry Deaths,0,0,0,0,0,0,0,0,0
Nagaland,2013,Assault on Women wih intent to outrage her Modesty,0,0,0,0,0,0,0,0,0
Nagaland,2013,Insult to Modesty of Women,0,0,0,0,0,0,0,0,0
Nagaland,2013,Cruelty by Husband or his Relatives,0,0,0,0,0,0,0,0,0
Nagaland,2013,Importation of girls from Foreign Countries,0,0,0,0,0,0,0,0,0
Nagaland,2013,Causing death by negligence,0,0,0,0,0,0,0,0,0
Nagaland,2013,Other IPC Crimes,0,0,1,0,0,0,1,0,1
Nagaland,2013,Total IPC Crimes,0,0,4,0,7,0,11,0,11
Odisha,2013,Murder,2,0,11,0,22,0,35,0,35
Odisha,2013,Attempt to Commit Murder,2,0,7,0,23,1,32,1,33
Odisha,2013,C H Not amounting to Murder,0,0,0,0,0,0,0,0,0
Odisha,2013,Rape,1,0,21,0,76,0,98,0,98
Odisha,2013,Custodial Rape,0,0,0,0,0,0,0,0,0
Odisha,2013,Other Rape,1,0,21,0,76,0,98,0,98
Odisha,2013,Kidnapping & Abduction,0,0,1,0,13,1,14,1,15
Odisha,2013,K & A of Women and Girls,0,0,1,0,9,1,10,1,11
Odisha,2013,K & A of others,0,0,0,0,4,0,4,0,4
Odisha,2013,Dacoity,0,0,5,0,14,0,19,0,19
Odisha,2013,Preparation & Assembly for Dacoity,0,0,0,0,2,0,2,0,2
Odisha,2013,Robbery,0,0,7,0,19,0,26,0,26
Odisha,2013,Burglary,0,0,46,2,57,0,103,2,105
Odisha,2013,Theft,6,0,123,0,133,1,262,1,263
Odisha,2013,Auto Theft,0,0,6,0,11,0,17,0,17
Odisha,2013,Other Theft,6,0,117,0,122,1,245,1,246
Odisha,2013,Riots,0,0,3,0,24,5,27,5,32
Odisha,2013,Criminal Breach of Trust,0,0,1,0,0,0,1,0,1
Odisha,2013,Cheating,0,0,0,0,0,0,0,0,0
Odisha,2013,Counterfeiting,0,0,0,0,0,0,0,0,0
Odisha,2013,Arson,1,0,0,0,4,0,5,0,5
Odisha,2013,Hurt/Grevious Hurt,1,0,42,2,46,6,89,8,97
Odisha,2013,Dowry Deaths,0,0,0,0,0,0,0,0,0
Odisha,2013,Assault on Women wih intent to outrage her Modesty,2,0,6,0,37,0,45,0,45
Odisha,2013,Insult to Modesty of Women,0,0,0,0,2,0,2,0,2
Odisha,2013,Cruelty by Husband or his Relatives,0,0,0,1,3,2,3,3,6
Odisha,2013,Importation of girls from Foreign Countries,0,0,0,0,0,0,0,0,0
Odisha,2013,Causing death by negligence,0,0,3,0,2,0,5,0,5
Odisha,2013,Other IPC Crimes,7,0,112,2,165,3,284,5,289
Odisha,2013,Total IPC Crimes,22,0,388,7,642,19,1052,26,1078
Punjab,2013,Murder,0,1,5,0,10,3,15,4,19
Punjab,2013,Attempt to Commit Murder,0,0,4,0,6,4,10,4,14
Punjab,2013,C H Not amounting to Murder,0,0,0,0,2,0,2,0,2
Punjab,2013,Rape,0,0,6,0,10,1,16,1,17
Punjab,2013,Custodial Rape,0,0,0,0,0,0,0,0,0
Punjab,2013,Other Rape,0,0,6,0,10,1,16,1,17
Punjab,2013,Kidnapping & Abduction,0,0,1,0,16,1,17,1,18
Punjab,2013,K & A of Women and Girls,0,0,1,0,16,1,17,1,18
Punjab,2013,K & A of others,0,0,0,0,0,0,0,0,0
Punjab,2013,Dacoity,0,0,0,0,0,0,0,0,0
Punjab,2013,Preparation & Assembly for Dacoity,0,0,2,0,20,0,22,0,22
Punjab,2013,Robbery,0,0,0,0,5,0,5,0,5
Punjab,2013,Burglary,5,0,6,0,29,0,40,0,40
Punjab,2013,Theft,9,0,7,0,40,1,56,1,57
Punjab,2013,Auto Theft,2,0,1,0,20,0,23,0,23
Punjab,2013,Other Theft,7,0,6,0,20,1,33,1,34
Punjab,2013,Riots,0,0,0,0,0,0,0,0,0
Punjab,2013,Criminal Breach of Trust,0,0,0,0,5,0,5,0,5
Punjab,2013,Cheating,0,0,0,0,11,0,11,0,11
Punjab,2013,Counterfeiting,0,0,0,0,0,0,0,0,0
Punjab,2013,Arson,0,0,0,0,0,0,0,0,0
Punjab,2013,Hurt/Grevious Hurt,0,0,6,0,31,6,37,6,43
Punjab,2013,Dowry Deaths,0,0,0,1,0,0,0,1,1
Punjab,2013,Assault on Women wih intent to outrage her Modesty,0,1,0,0,22,0,22,1,23
Punjab,2013,Insult to Modesty of Women,0,0,0,0,0,0,0,0,0
Punjab,2013,Cruelty by Husband or his Relatives,0,0,0,0,0,0,0,0,0
Punjab,2013,Importation of girls from Foreign Countries,0,0,0,0,0,0,0,0,0
Punjab,2013,Causing death by negligence,0,0,0,0,4,0,4,0,4
Punjab,2013,Other IPC Crimes,0,0,13,0,51,0,64,0,64
Punjab,2013,Total IPC Crimes,14,2,50,1,262,16,326,19,345
Rajasthan,2013,Murder,0,0,24,2,46,4,70,6,76
Rajasthan,2013,Attempt to Commit Murder,0,1,28,1,57,0,85,2,87
Rajasthan,2013,C H Not amounting to Murder,0,0,0,0,1,0,1,0,1
Rajasthan,2013,Rape,2,0,48,0,156,2,206,2,208
Rajasthan,2013,Custodial Rape,0,0,0,0,0,0,0,0,0
Rajasthan,2013,Other Rape,2,0,48,0,156,2,206,2,208
Rajasthan,2013,Kidnapping & Abduction,0,0,20,0,76,1,96,1,97
Rajasthan,2013,K & A of Women and Girls,0,0,17,0,70,1,87,1,88
Rajasthan,2013,K & A of others,0,0,3,0,6,0,9,0,9
Rajasthan,2013,Dacoity,0,0,1,0,1,0,2,0,2
Rajasthan,2013,Preparation & Assembly for Dacoity,0,0,0,0,2,0,2,0,2
Rajasthan,2013,Robbery,0,0,18,0,45,0,63,0,63
Rajasthan,2013,Burglary,22,3,110,1,148,0,280,4,284
Rajasthan,2013,Theft,6,1,183,2,281,2,470,5,475
Rajasthan,2013,Auto Theft,0,0,73,0,129,0,202,0,202
Rajasthan,2013,Other Theft,6,1,110,2,152,2,268,5,273
Rajasthan,2013,Riots,0,0,8,0,20,0,28,0,28
Rajasthan,2013,Criminal Breach of Trust,0,0,0,0,0,0,0,0,0
Rajasthan,2013,Cheating,0,0,7,0,4,0,11,0,11
Rajasthan,2013,Counterfeiting,0,0,0,0,0,0,0,0,0
Rajasthan,2013,Arson,0,0,3,0,3,0,6,0,6
Rajasthan,2013,Hurt/Grevious Hurt,9,1,110,5,213,8,332,14,346
Rajasthan,2013,Dowry Deaths,0,0,1,0,3,0,4,0,4
Rajasthan,2013,Assault on Women wih intent to outrage her Modesty,1,0,32,0,89,0,122,0,122
Rajasthan,2013,Insult to Modesty of Women,0,0,0,0,1,0,1,0,1
Rajasthan,2013,Cruelty by Husband or his Relatives,0,0,1,0,4,1,5,1,6
Rajasthan,2013,Importation of girls from Foreign Countries,0,0,0,0,0,0,0,0,0
Rajasthan,2013,Causing death by negligence,0,0,3,0,8,0,11,0,11
Rajasthan,2013,Other IPC Crimes,13,0,297,5,591,22,901,27,928
Rajasthan,2013,Total IPC Crimes,53,6,894,16,1749,40,2696,62,2758
Sikkim,2013,Murder,0,0,0,0,0,0,0,0,0
Sikkim,2013,Attempt to Commit Murder,0,0,0,0,0,0,0,0,0
Sikkim,2013,C H Not amounting to Murder,0,0,0,0,0,0,0,0,0
Sikkim,2013,Rape,0,0,0,0,0,0,0,0,0
Sikkim,2013,Custodial Rape,0,0,0,0,0,0,0,0,0
Sikkim,2013,Other Rape,0,0,0,0,0,0,0,0,0
Sikkim,2013,Kidnapping & Abduction,0,0,0,0,0,0,0,0,0
Sikkim,2013,K & A of Women and Girls,0,0,0,0,0,0,0,0,0
Sikkim,2013,K & A of others,0,0,0,0,0,0,0,0,0
Sikkim,2013,Dacoity,0,0,0,0,0,0,0,0,0
Sikkim,2013,Preparation & Assembly for Dacoity,0,0,0,0,0,0,0,0,0
Sikkim,2013,Robbery,0,0,0,0,0,0,0,0,0
Sikkim,2013,Burglary,0,0,0,0,0,0,0,0,0
Sikkim,2013,Theft,0,0,0,0,12,0,12,0,12
Sikkim,2013,Auto Theft,0,0,0,0,0,0,0,0,0
Sikkim,2013,Other Theft,0,0,0,0,12,0,12,0,12
Sikkim,2013,Riots,0,0,0,0,0,0,0,0,0
Sikkim,2013,Criminal Breach of Trust,0,0,0,0,0,0,0,0,0
Sikkim,2013,Cheating,0,0,0,0,0,0,0,0,0
Sikkim,2013,Counterfeiting,0,0,0,0,0,0,0,0,0
Sikkim,2013,Arson,0,0,0,0,0,0,0,0,0
Sikkim,2013,Hurt/Grevious Hurt,0,0,0,0,10,0,10,0,10
Sikkim,2013,Dowry Deaths,0,0,0,0,0,0,0,0,0
Sikkim,2013,Assault on Women wih intent to outrage her Modesty,0,0,0,0,0,0,0,0,0
Sikkim,2013,Insult to Modesty of Women,0,0,0,0,0,0,0,0,0
Sikkim,2013,Cruelty by Husband or his Relatives,0,0,0,0,0,0,0,0,0
Sikkim,2013,Importation of girls from Foreign Countries,0,0,0,0,0,0,0,0,0
Sikkim,2013,Causing death by negligence,0,0,0,0,0,0,0,0,0
Sikkim,2013,Other IPC Crimes,0,0,0,0,0,0,0,0,0
Sikkim,2013,Total IPC Crimes,0,0,0,0,22,0,22,0,22
Tamil Nadu,2013,Murder,0,0,7,1,57,0,64,1,65
Tamil Nadu,2013,Attempt to Commit Murder,0,0,4,0,57,1,61,1,62
Tamil Nadu,2013,C H Not amounting to Murder,0,0,0,0,1,0,1,0,1
Tamil Nadu,2013,Rape,0,0,6,0,26,0,32,0,32
Tamil Nadu,2013,Custodial Rape,0,0,0,0,0,0,0,0,0
Tamil Nadu,2013,Other Rape,0,0,6,0,26,0,32,0,32
Tamil Nadu,2013,Kidnapping & Abduction,0,0,3,0,16,0,19,0,19
Tamil Nadu,2013,K & A of Women and Girls,0,0,3,0,10,0,13,0,13
Tamil Nadu,2013,K & A of others,0,0,0,0,6,0,6,0,6
Tamil Nadu,2013,Dacoity,0,0,0,1,9,0,9,1,10
Tamil Nadu,2013,Preparation & Assembly for Dacoity,0,0,1,0,1,0,2,0,2
Tamil Nadu,2013,Robbery,0,0,18,0,39,0,57,0,57
Tamil Nadu,2013,Burglary,3,0,52,2,134,4,189,6,195
Tamil Nadu,2013,Theft,7,0,79,6,414,10,500,16,516
Tamil Nadu,2013,Auto Theft,0,0,8,0,101,0,109,0,109
Tamil Nadu,2013,Other Theft,7,0,71,6,313,10,391,16,407
Tamil Nadu,2013,Riots,0,0,2,0,67,2,69,2,71
Tamil Nadu,2013,Criminal Breach of Trust,0,0,0,0,0,0,0,0,0
Tamil Nadu,2013,Cheating,0,0,0,0,9,0,9,0,9
Tamil Nadu,2013,Counterfeiting,0,0,0,0,0,0,0,0,0
Tamil Nadu,2013,Arson,0,0,0,0,2,0,2,0,2
Tamil Nadu,2013,Hurt/Grevious Hurt,0,0,22,0,152,0,174,0,174
Tamil Nadu,2013,Dowry Deaths,0,0,0,0,0,0,0,0,0
Tamil Nadu,2013,Assault on Women wih intent to outrage her Modesty,0,0,1,0,6,0,7,0,7
Tamil Nadu,2013,Insult to Modesty of Women,0,0,1,0,4,0,5,0,5
Tamil Nadu,2013,Cruelty by Husband or his Relatives,0,0,0,0,2,2,2,2,4
Tamil Nadu,2013,Importation of girls from Foreign Countries,0,0,0,0,0,0,0,0,0
Tamil Nadu,2013,Causing death by negligence,0,0,4,0,30,1,34,1,35
Tamil Nadu,2013,Other IPC Crimes,0,0,79,1,317,1,396,2,398
Tamil Nadu,2013,Total IPC Crimes,10,0,279,11,1343,21,1632,32,1664
Tripura,2013,Murder,0,0,1,0,2,0,3,0,3
Tripura,2013,Attempt to Commit Murder,0,0,0,0,0,0,0,0,0
Tripura,2013,C H Not amounting to Murder,0,0,0,0,0,0,0,0,0
Tripura,2013,Rape,0,0,6,0,6,1,12,1,13
Tripura,2013,Custodial Rape,0,0,0,0,0,0,0,0,0
Tripura,2013,Other Rape,0,0,6,0,6,1,12,1,13
Tripura,2013,Kidnapping & Abduction,0,0,0,0,3,0,3,0,3
Tripura,2013,K & A of Women and Girls,0,0,0,0,1,0,1,0,1
Tripura,2013,K & A of others,0,0,0,0,2,0,2,0,2
Tripura,2013,Dacoity,0,0,0,0,0,0,0,0,0
Tripura,2013,Preparation & Assembly for Dacoity,0,0,0,0,0,0,0,0,0
Tripura,2013,Robbery,0,0,0,0,0,0,0,0,0
Tripura,2013,Burglary,2,0,1,0,5,0,8,0,8
Tripura,2013,Theft,13,0,26,0,24,0,63,0,63
Tripura,2013,Auto Theft,0,0,0,0,6,0,6,0,6
Tripura,2013,Other Theft,13,0,26,0,18,0,57,0,57
Tripura,2013,Riots,0,0,0,0,0,0,0,0,0
Tripura,2013,Criminal Breach of Trust,0,0,0,0,2,0,2,0,2
Tripura,2013,Cheating,0,0,0,0,0,0,0,0,0
Tripura,2013,Counterfeiting,0,0,0,0,0,0,0,0,0
Tripura,2013,Arson,0,0,0,0,0,0,0,0,0
Tripura,2013,Hurt/Grevious Hurt,0,0,4,0,0,0,4,0,4
Tripura,2013,Dowry Deaths,0,0,0,0,0,0,0,0,0
Tripura,2013,Assault on Women wih intent to outrage her Modesty,0,0,2,0,2,1,4,1,5
Tripura,2013,Insult to Modesty of Women,0,0,0,0,0,0,0,0,0
Tripura,2013,Cruelty by Husband or his Relatives,0,0,1,0,2,5,3,5,8
Tripura,2013,Importation of girls from Foreign Countries,0,0,0,0,0,0,0,0,0
Tripura,2013,Causing death by negligence,0,0,0,0,0,0,0,0,0
Tripura,2013,Other IPC Crimes,0,0,4,0,4,0,8,0,8
Tripura,2013,Total IPC Crimes,15,0,45,0,50,7,110,7,117
Uttar Pradesh,2013,Murder,1,5,38,4,77,1,116,10,126
Uttar Pradesh,2013,Attempt to Commit Murder,1,0,13,1,25,0,39,1,40
Uttar Pradesh,2013,C H Not amounting to Murder,2,0,12,0,16,0,30,0,30
Uttar Pradesh,2013,Rape,17,0,87,1,115,0,219,1,220
Uttar Pradesh,2013,Custodial Rape,0,0,0,0,0,0,0,0,0
Uttar Pradesh,2013,Other Rape,17,0,87,1,115,0,219,1,220
Uttar Pradesh,2013,Kidnapping & Abduction,1,2,40,3,74,0,115,5,120
Uttar Pradesh,2013,K & A of Women and Girls,1,2,36,3,72,0,109,5,114
Uttar Pradesh,2013,K & A of others,0,0,4,0,2,0,6,0,6
Uttar Pradesh,2013,Dacoity,0,0,1,0,3,0,4,0,4
Uttar Pradesh,2013,Preparation & Assembly for Dacoity,0,0,0,0,0,0,0,0,0
Uttar Pradesh,2013,Robbery,0,0,9,0,34,0,43,0,43
Uttar Pradesh,2013,Burglary,7,0,44,0,34,1,85,1,86
Uttar Pradesh,2013,Theft,16,7,109,2,129,2,254,11,265
Uttar Pradesh,2013,Auto Theft,0,0,13,0,17,0,30,0,30
Uttar Pradesh,2013,Other Theft,16,7,96,2,112,2,224,11,235
Uttar Pradesh,2013,Riots,0,0,6,0,20,0,26,0,26
Uttar Pradesh,2013,Criminal Breach of Trust,0,0,0,0,1,0,1,0,1
Uttar Pradesh,2013,Cheating,0,0,0,0,2,0,2,0,2
Uttar Pradesh,2013,Counterfeiting,0,0,0,0,0,0,0,0,0
Uttar Pradesh,2013,Arson,0,0,0,0,1,0,1,0,1
Uttar Pradesh,2013,Hurt/Grevious Hurt,1,0,8,1,13,0,22,1,23
Uttar Pradesh,2013,Dowry Deaths,0,0,4,0,4,1,8,1,9
Uttar Pradesh,2013,Assault on Women wih intent to outrage her Modesty,3,0,28,0,20,0,51,0,51
Uttar Pradesh,2013,Insult to Modesty of Women,0,0,0,0,0,0,0,0,0
Uttar Pradesh,2013,Cruelty by Husband or his Relatives,0,0,0,0,6,7,6,7,13
Uttar Pradesh,2013,Importation of girls from Foreign Countries,0,0,0,0,0,0,0,0,0
Uttar Pradesh,2013,Causing death by negligence,0,0,0,0,3,0,3,0,3
Uttar Pradesh,2013,Other IPC Crimes,4,0,96,4,120,4,220,8,228
Uttar Pradesh,2013,Total IPC Crimes,53,14,495,16,697,16,1245,46,1291
Uttarakhand,2013,Murder,0,0,1,0,4,1,5,1,6
Uttarakhand,2013,Attempt to Commit Murder,0,0,0,0,9,0,9,0,9
Uttarakhand,2013,C H Not amounting to Murder,0,0,0,0,2,0,2,0,2
Uttarakhand,2013,Rape,0,0,4,0,11,0,15,0,15
Uttarakhand,2013,Custodial Rape,0,0,0,0,0,0,0,0,0
Uttarakhand,2013,Other Rape,0,0,4,0,11,0,15,0,15
Uttarakhand,2013,Kidnapping & Abduction,0,0,6,0,17,0,23,0,23
Uttarakhand,2013,K & A of Women and Girls,0,0,6,0,17,0,23,0,23
Uttarakhand,2013,K & A of others,0,0,0,0,0,0,0,0,0
Uttarakhand,2013,Dacoity,0,0,0,0,1,0,1,0,1
Uttarakhand,2013,Preparation & Assembly for Dacoity,0,0,0,0,6,0,6,0,6
Uttarakhand,2013,Robbery,0,0,1,0,19,0,20,0,20
Uttarakhand,2013,Burglary,0,0,25,0,17,0,42,0,42
Uttarakhand,2013,Theft,0,12,28,0,42,0,70,12,82
Uttarakhand,2013,Auto Theft,0,0,6,0,11,0,17,0,17
Uttarakhand,2013,Other Theft,0,12,22,0,31,0,53,12,65
Uttarakhand,2013,Riots,0,0,1,0,6,0,7,0,7
Uttarakhand,2013,Criminal Breach of Trust,0,0,0,0,0,0,0,0,0
Uttarakhand,2013,Cheating,0,0,1,0,2,0,3,0,3
Uttarakhand,2013,Counterfeiting,0,0,0,0,0,0,0,0,0
Uttarakhand,2013,Arson,0,0,1,0,1,0,2,0,2
Uttarakhand,2013,Hurt/Grevious Hurt,0,0,5,0,19,0,24,0,24
Uttarakhand,2013,Dowry Deaths,0,0,0,0,0,0,0,0,0
Uttarakhand,2013,Assault on Women wih intent to outrage her Modesty,0,0,3,0,1,0,4,0,4
Uttarakhand,2013,Insult to Modesty of Women,0,0,0,0,0,0,0,0,0
Uttarakhand,2013,Cruelty by Husband or his Relatives,0,0,0,0,1,2,1,2,3
Uttarakhand,2013,Importation of girls from Foreign Countries,0,0,0,0,0,0,0,0,0
Uttarakhand,2013,Causing death by negligence,0,0,0,0,2,0,2,0,2
Uttarakhand,2013,Other IPC Crimes,0,0,14,0,22,4,36,4,40
Uttarakhand,2013,Total IPC Crimes,0,12,90,0,182,7,272,19,291
West Bengal,2013,Murder,4,0,8,0,24,2,36,2,38
West Bengal,2013,Attempt to Commit Murder,0,0,3,0,9,0,12,0,12
West Bengal,2013,C H Not amounting to Murder,0,0,2,0,4,0,6,0,6
West Bengal,2013,Rape,0,0,36,0,83,0,119,0,119
West Bengal,2013,Custodial Rape,0,0,0,0,0,0,0,0,0
West Bengal,2013,Other Rape,0,0,36,0,83,0,119,0,119
West Bengal,2013,Kidnapping & Abduction,0,0,30,1,43,6,73,7,80
West Bengal,2013,K & A of Women and Girls,0,0,26,0,40,5,66,5,71
West Bengal,2013,K & A of others,0,0,4,1,3,1,7,2,9
West Bengal,2013,Dacoity,0,0,1,0,3,0,4,0,4
West Bengal,2013,Preparation & Assembly for Dacoity,0,0,1,0,16,0,17,0,17
West Bengal,2013,Robbery,0,0,3,0,3,0,6,0,6
West Bengal,2013,Burglary,0,0,0,0,0,0,0,0,0
West Bengal,2013,Theft,17,7,68,0,33,2,118,9,127
West Bengal,2013,Auto Theft,3,0,1,0,4,0,8,0,8
West Bengal,2013,Other Theft,14,7,67,0,29,2,110,9,119
West Bengal,2013,Riots,1,0,8,0,22,1,31,1,32
West Bengal,2013,Criminal Breach of Trust,0,0,0,0,1,0,1,0,1
West Bengal,2013,Cheating,0,0,0,0,0,0,0,0,0
West Bengal,2013,Counterfeiting,0,0,1,0,3,0,4,0,4
West Bengal,2013,Arson,0,0,2,0,0,0,2,0,2
West Bengal,2013,Hurt/Grevious Hurt,0,0,15,1,48,4,63,5,68
West Bengal,2013,Dowry Deaths,0,0,0,0,1,2,1,2,3
West Bengal,2013,Assault on Women wih intent to outrage her Modesty,0,0,7,0,23,0,30,0,30
West Bengal,2013,Insult to Modesty of Women,0,0,1,0,1,0,2,0,2
West Bengal,2013,Cruelty by Husband or his Relatives,0,0,0,0,13,2,13,2,15
West Bengal,2013,Importation of girls from Foreign Countries,0,0,0,0,0,0,0,0,0
West Bengal,2013,Causing death by negligence,0,0,0,0,0,0,0,0,0
West Bengal,2013,Other IPC Crimes,24,1,115,2,72,5,211,8,219
West Bengal,2013,Total IPC Crimes,46,8,301,4,402,24,749,36,785
Andaman & Nikobar Islands,2013,Murder,0,0,0,0,0,0,0,0,0
Andaman & Nikobar Islands,2013,Attempt to Commit Murder,0,0,0,0,0,0,0,0,0
Andaman & Nikobar Islands,2013,C H Not amounting to Murder,0,0,0,0,0,0,0,0,0
Andaman & Nikobar Islands,2013,Rape,1,0,0,0,1,0,2,0,2
Andaman & Nikobar Islands,2013,Custodial Rape,0,0,0,0,0,0,0,0,0
Andaman & Nikobar Islands,2013,Other Rape,1,0,0,0,1,0,2,0,2
Andaman & Nikobar Islands,2013,Kidnapping & Abduction,0,0,0,0,0,0,0,0,0
Andaman & Nikobar Islands,2013,K & A of Women and Girls,0,0,0,0,0,0,0,0,0
Andaman & Nikobar Islands,2013,K & A of others,0,0,0,0,0,0,0,0,0
Andaman & Nikobar Islands,2013,Dacoity,0,0,0,0,0,0,0,0,0
Andaman & Nikobar Islands,2013,Preparation & Assembly for Dacoity,0,0,0,0,0,0,0,0,0
Andaman & Nikobar Islands,2013,Robbery,0,0,0,0,0,0,0,0,0
Andaman & Nikobar Islands,2013,Burglary,0,0,1,0,2,0,3,0,3
Andaman & Nikobar Islands,2013,Theft,0,0,0,0,0,0,0,0,0
Andaman & Nikobar Islands,2013,Auto Theft,0,0,0,0,0,0,0,0,0
Andaman & Nikobar Islands,2013,Other Theft,0,0,0,0,0,0,0,0,0
Andaman & Nikobar Islands,2013,Riots,0,0,0,0,0,0,0,0,0
Andaman & Nikobar Islands,2013,Criminal Breach of Trust,0,0,0,0,0,0,0,0,0
Andaman & Nikobar Islands,2013,Cheating,0,0,0,0,0,0,0,0,0
Andaman & Nikobar Islands,2013,Counterfeiting,0,0,0,0,0,0,0,0,0
Andaman & Nikobar Islands,2013,Arson,0,0,0,0,0,0,0,0,0
Andaman & Nikobar Islands,2013,Hurt/Grevious Hurt,0,0,0,0,0,0,0,0,0
Andaman & Nikobar Islands,2013,Dowry Deaths,0,0,0,0,0,0,0,0,0
Andaman & Nikobar Islands,2013,Assault on Women wih intent to outrage her Modesty,0,0,0,0,1,0,1,0,1
Andaman & Nikobar Islands,2013,Insult to Modesty of Women,0,0,0,0,0,0,0,0,0
Andaman & Nikobar Islands,2013,Cruelty by Husband or his Relatives,0,0,0,0,0,0,0,0,0
Andaman & Nikobar Islands,2013,Importation of girls from Foreign Countries,0,0,0,0,0,0,0,0,0
Andaman & Nikobar Islands,2013,Causing death by negligence,0,0,0,0,0,0,0,0,0
Andaman & Nikobar Islands,2013,Other IPC Crimes,0,0,0,0,1,0,1,0,1
Andaman & Nikobar Islands,2013,Total IPC Crimes,1,0,1,0,5,0,7,0,7
Chandigarh,2013,Murder,0,0,4,0,1,0,5,0,5
Chandigarh,2013,Attempt to Commit Murder,0,0,4,0,0,0,4,0,4
Chandigarh,2013,C H Not amounting to Murder,0,0,0,0,0,0,0,0,0
Chandigarh,2013,Rape,0,0,0,0,3,0,3,0,3
Chandigarh,2013,Custodial Rape,0,0,0,0,0,0,0,0,0
Chandigarh,2013,Other Rape,0,0,0,0,3,0,3,0,3
Chandigarh,2013,Kidnapping & Abduction,0,0,2,0,6,0,8,0,8
Chandigarh,2013,K & A of Women and Girls,0,0,2,0,6,0,8,0,8
Chandigarh,2013,K & A of others,0,0,0,0,0,0,0,0,0
Chandigarh,2013,Dacoity,0,0,0,0,0,0,0,0,0
Chandigarh,2013,Preparation & Assembly for Dacoity,0,0,0,0,0,0,0,0,0
Chandigarh,2013,Robbery,0,0,5,0,6,0,11,0,11
Chandigarh,2013,Burglary,0,0,6,0,6,0,12,0,12
Chandigarh,2013,Theft,6,0,24,0,15,0,45,0,45
Chandigarh,2013,Auto Theft,2,0,11,0,8,0,21,0,21
Chandigarh,2013,Other Theft,4,0,13,0,7,0,24,0,24
Chandigarh,2013,Riots,0,0,2,0,1,0,3,0,3
Chandigarh,2013,Criminal Breach of Trust,0,0,0,0,0,0,0,0,0
Chandigarh,2013,Cheating,0,0,0,0,0,0,0,0,0
Chandigarh,2013,Counterfeiting,0,0,0,0,0,0,0,0,0
Chandigarh,2013,Arson,0,0,0,0,0,0,0,0,0
Chandigarh,2013,Hurt/Grevious Hurt,3,0,4,0,3,0,10,0,10
Chandigarh,2013,Dowry Deaths,0,0,0,0,0,0,0,0,0
Chandigarh,2013,Assault on Women wih intent to outrage her Modesty,0,0,2,0,0,0,2,0,2
Chandigarh,2013,Insult to Modesty of Women,0,0,0,0,0,0,0,0,0
Chandigarh,2013,Cruelty by Husband or his Relatives,0,0,0,0,0,0,0,0,0
Chandigarh,2013,Importation of girls from Foreign Countries,0,0,0,0,0,0,0,0,0
Chandigarh,2013,Causing death by negligence,0,0,0,0,0,0,0,0,0
Chandigarh,2013,Other IPC Crimes,1,0,9,0,4,0,14,0,14
Chandigarh,2013,Total IPC Crimes,10,0,62,0,45,0,117,0,117
Dadra & Nagar Haveli,2013,Murder,0,0,0,0,0,0,0,0,0
Dadra & Nagar Haveli,2013,Attempt to Commit Murder,0,0,0,0,0,0,0,0,0
Dadra & Nagar Haveli,2013,C H Not amounting to Murder,0,0,0,0,0,0,0,0,0
Dadra & Nagar Haveli,2013,Rape,0,0,0,0,2,0,2,0,2
Dadra & Nagar Haveli,2013,Custodial Rape,0,0,0,0,0,0,0,0,0
Dadra & Nagar Haveli,2013,Other Rape,0,0,0,0,2,0,2,0,2
Dadra & Nagar Haveli,2013,Kidnapping & Abduction,0,0,0,0,0,0,0,0,0
Dadra & Nagar Haveli,2013,K & A of Women and Girls,0,0,0,0,0,0,0,0,0
Dadra & Nagar Haveli,2013,K & A of others,0,0,0,0,0,0,0,0,0
Dadra & Nagar Haveli,2013,Dacoity,0,0,0,0,0,0,0,0,0
Dadra & Nagar Haveli,2013,Preparation & Assembly for Dacoity,0,0,0,0,0,0,0,0,0
Dadra & Nagar Haveli,2013,Robbery,0,0,0,0,0,0,0,0,0
Dadra & Nagar Haveli,2013,Burglary,0,0,1,0,1,0,2,0,2
Dadra & Nagar Haveli,2013,Theft,0,0,0,0,18,0,18,0,18
Dadra & Nagar Haveli,2013,Auto Theft,0,0,0,0,0,0,0,0,0
Dadra & Nagar Haveli,2013,Other Theft,0,0,0,0,18,0,18,0,18
Dadra & Nagar Haveli,2013,Riots,0,0,2,0,2,0,4,0,4
Dadra & Nagar Haveli,2013,Criminal Breach of Trust,0,0,0,0,0,0,0,0,0
Dadra & Nagar Haveli,2013,Cheating,0,0,0,0,0,0,0,0,0
Dadra & Nagar Haveli,2013,Counterfeiting,0,0,0,0,0,0,0,0,0
Dadra & Nagar Haveli,2013,Arson,0,0,0,0,0,0,0,0,0
Dadra & Nagar Haveli,2013,Hurt/Grevious Hurt,0,0,0,0,0,0,0,0,0
Dadra & Nagar Haveli,2013,Dowry Deaths,0,0,0,0,0,0,0,0,0
Dadra & Nagar Haveli,2013,Assault on Women wih intent to outrage her Modesty,0,0,0,0,0,0,0,0,0
Dadra & Nagar Haveli,2013,Insult to Modesty of Women,0,0,0,0,0,0,0,0,0
Dadra & Nagar Haveli,2013,Cruelty by Husband or his Relatives,0,0,0,0,0,0,0,0,0
Dadra & Nagar Haveli,2013,Importation of girls from Foreign Countries,0,0,0,0,0,0,0,0,0
Dadra & Nagar Haveli,2013,Causing death by negligence,0,0,0,0,0,0,0,0,0
Dadra & Nagar Haveli,2013,Other IPC Crimes,0,0,0,0,0,0,0,0,0
Dadra & Nagar Haveli,2013,Total IPC Crimes,0,0,3,0,23,0,26,0,26
Daman & Diu,2013,Murder,0,0,0,0,0,0,0,0,0
Daman & Diu,2013,Attempt to Commit Murder,0,0,0,0,0,0,0,0,0
Daman & Diu,2013,C H Not amounting to Murder,0,0,0,0,0,0,0,0,0
Daman & Diu,2013,Rape,0,0,0,0,0,0,0,0,0
Daman & Diu,2013,Custodial Rape,0,0,0,0,0,0,0,0,0
Daman & Diu,2013,Other Rape,0,0,0,0,0,0,0,0,0
Daman & Diu,2013,Kidnapping & Abduction,0,0,1,0,0,0,1,0,1
Daman & Diu,2013,K & A of Women and Girls,0,0,1,0,0,0,1,0,1
Daman & Diu,2013,K & A of others,0,0,0,0,0,0,0,0,0
Daman & Diu,2013,Dacoity,0,0,0,0,0,0,0,0,0
Daman & Diu,2013,Preparation & Assembly for Dacoity,0,0,0,0,0,0,0,0,0
Daman & Diu,2013,Robbery,0,0,0,0,0,0,0,0,0
Daman & Diu,2013,Burglary,0,0,4,0,1,0,5,0,5
Daman & Diu,2013,Theft,0,0,3,0,1,0,4,0,4
Daman & Diu,2013,Auto Theft,0,0,2,0,1,0,3,0,3
Daman & Diu,2013,Other Theft,0,0,1,0,0,0,1,0,1
Daman & Diu,2013,Riots,0,0,0,0,0,0,0,0,0
Daman & Diu,2013,Criminal Breach of Trust,0,0,0,0,0,0,0,0,0
Daman & Diu,2013,Cheating,0,0,0,0,0,0,0,0,0
Daman & Diu,2013,Counterfeiting,0,0,0,0,0,0,0,0,0
Daman & Diu,2013,Arson,0,0,0,0,0,0,0,0,0
Daman & Diu,2013,Hurt/Grevious Hurt,0,0,1,0,0,0,1,0,1
Daman & Diu,2013,Dowry Deaths,0,0,0,0,0,0,0,0,0
Daman & Diu,2013,Assault on Women wih intent to outrage her Modesty,0,0,0,0,0,0,0,0,0
Daman & Diu,2013,Insult to Modesty of Women,0,0,0,0,0,0,0,0,0
Daman & Diu,2013,Cruelty by Husband or his Relatives,0,0,0,0,0,0,0,0,0
Daman & Diu,2013,Importation of girls from Foreign Countries,0,0,0,0,0,0,0,0,0
Daman & Diu,2013,Causing death by negligence,0,0,1,0,0,0,1,0,1
Daman & Diu,2013,Other IPC Crimes,0,0,1,0,1,0,2,0,2
Daman & Diu,2013,Total IPC Crimes,0,0,11,0,3,0,14,0,14
Delhi,2013,Murder,1,0,22,0,53,0,76,0,76
Delhi,2013,Attempt to Commit Murder,0,0,31,1,35,0,66,1,67
Delhi,2013,C H Not amounting to Murder,1,0,2,0,2,0,5,0,5
Delhi,2013,Rape,4,0,79,0,79,1,162,1,163
Delhi,2013,Custodial Rape,0,0,0,0,0,0,0,0,0
Delhi,2013,Other Rape,4,0,79,0,79,1,162,1,163
Delhi,2013,Kidnapping & Abduction,1,0,18,2,44,0,63,2,65
Delhi,2013,K & A of Women and Girls,1,0,15,0,42,0,58,0,58
Delhi,2013,K & A of others,0,0,3,2,2,0,5,2,7
Delhi,2013,Dacoity,0,0,0,0,7,0,7,0,7
Delhi,2013,Preparation & Assembly for Dacoity,0,0,0,0,0,0,0,0,0
Delhi,2013,Robbery,1,0,95,0,124,0,220,0,220
Delhi,2013,Burglary,3,0,58,1,82,0,143,1,144
Delhi,2013,Theft,15,6,267,5,270,1,552,12,564
Delhi,2013,Auto Theft,1,0,88,0,104,0,193,0,193
Delhi,2013,Other Theft,14,6,179,5,166,1,359,12,371
Delhi,2013,Riots,0,0,0,1,3,2,3,3,6
Delhi,2013,Criminal Breach of Trust,0,0,1,0,0,0,1,0,1
Delhi,2013,Cheating,0,0,3,0,2,0,5,0,5
Delhi,2013,Counterfeiting,0,0,0,0,0,0,0,0,0
Delhi,2013,Arson,0,0,0,0,0,0,0,0,0
Delhi,2013,Hurt/Grevious Hurt,4,0,38,0,64,0,106,0,106
Delhi,2013,Dowry Deaths,0,0,0,0,0,0,0,0,0
Delhi,2013,Assault on Women wih intent to outrage her Modesty,1,0,49,0,101,0,151,0,151
Delhi,2013,Insult to Modesty of Women,0,0,9,0,14,0,23,0,23
Delhi,2013,Cruelty by Husband or his Relatives,0,0,0,0,0,0,0,0,0
Delhi,2013,Importation of girls from Foreign Countries,0,0,0,0,0,0,0,0,0
Delhi,2013,Causing death by negligence,0,0,0,0,2,0,2,0,2
Delhi,2013,Other IPC Crimes,13,1,203,0,263,2,479,3,482
Delhi,2013,Total IPC Crimes,44,7,875,10,1145,6,2064,23,2087
Lakshadweep,2013,Murder,0,0,0,0,0,0,0,0,0
Lakshadweep,2013,Attempt to Commit Murder,0,0,0,0,0,0,0,0,0
Lakshadweep,2013,C H Not amounting to Murder,0,0,0,0,0,0,0,0,0
Lakshadweep,2013,Rape,0,0,0,0,0,0,0,0,0
Lakshadweep,2013,Custodial Rape,0,0,0,0,0,0,0,0,0
Lakshadweep,2013,Other Rape,0,0,0,0,0,0,0,0,0
Lakshadweep,2013,Kidnapping & Abduction,0,0,0,0,0,0,0,0,0
Lakshadweep,2013,K & A of Women and Girls,0,0,0,0,0,0,0,0,0
Lakshadweep,2013,K & A of others,0,0,0,0,0,0,0,0,0
Lakshadweep,2013,Dacoity,0,0,0,0,0,0,0,0,0
Lakshadweep,2013,Preparation & Assembly for Dacoity,0,0,0,0,0,0,0,0,0
Lakshadweep,2013,Robbery,0,0,0,0,0,0,0,0,0
Lakshadweep,2013,Burglary,0,0,0,0,0,0,0,0,0
Lakshadweep,2013,Theft,0,0,0,0,0,0,0,0,0
Lakshadweep,2013,Auto Theft,0,0,0,0,0,0,0,0,0
Lakshadweep,2013,Other Theft,0,0,0,0,0,0,0,0,0
Lakshadweep,2013,Riots,0,0,0,0,0,0,0,0,0
Lakshadweep,2013,Criminal Breach of Trust,0,0,0,0,0,0,0,0,0
Lakshadweep,2013,Cheating,0,0,0,0,0,0,0,0,0
Lakshadweep,2013,Counterfeiting,0,0,0,0,0,0,0,0,0
Lakshadweep,2013,Arson,0,0,0,0,0,0,0,0,0
Lakshadweep,2013,Hurt/Grevious Hurt,0,0,0,0,0,0,0,0,0
Lakshadweep,2013,Dowry Deaths,0,0,0,0,0,0,0,0,0
Lakshadweep,2013,Assault on Women wih intent to outrage her Modesty,0,0,0,0,0,0,0,0,0
Lakshadweep,2013,Insult to Modesty of Women,0,0,0,0,0,0,0,0,0
Lakshadweep,2013,Cruelty by Husband or his Relatives,0,0,0,0,0,0,0,0,0
Lakshadweep,2013,Importation of girls from Foreign Countries,0,0,0,0,0,0,0,0,0
Lakshadweep,2013,Causing death by negligence,0,0,0,0,0,0,0,0,0
Lakshadweep,2013,Other IPC Crimes,0,0,0,0,0,0,0,0,0
Lakshadweep,2013,Total IPC Crimes,0,0,0,0,0,0,0,0,0
Puducherry,2013,Murder,0,0,1,0,3,0,4,0,4
Puducherry,2013,Attempt to Commit Murder,0,0,0,0,2,0,2,0,2
Puducherry,2013,C H Not amounting to Murder,0,0,1,0,0,0,1,0,1
Puducherry,2013,Rape,0,0,3,0,0,0,3,0,3
Puducherry,2013,Custodial Rape,0,0,0,0,0,0,0,0,0
Puducherry,2013,Other Rape,0,0,3,0,0,0,3,0,3
Puducherry,2013,Kidnapping & Abduction,0,0,0,0,0,0,0,0,0
Puducherry,2013,K & A of Women and Girls,0,0,0,0,0,0,0,0,0
Puducherry,2013,K & A of others,0,0,0,0,0,0,0,0,0
Puducherry,2013,Dacoity,0,0,0,0,0,0,0,0,0
Puducherry,2013,Preparation & Assembly for Dacoity,0,0,0,0,0,0,0,0,0
Puducherry,2013,Robbery,0,0,0,0,0,0,0,0,0
Puducherry,2013,Burglary,0,0,0,0,2,0,2,0,2
Puducherry,2013,Theft,0,0,8,0,6,0,14,0,14
Puducherry,2013,Auto Theft,0,0,1,0,3,0,4,0,4
Puducherry,2013,Other Theft,0,0,7,0,3,0,10,0,10
Puducherry,2013,Riots,0,0,0,0,4,0,4,0,4
Puducherry,2013,Criminal Breach of Trust,0,0,0,0,0,0,0,0,0
Puducherry,2013,Cheating,0,0,0,0,0,0,0,0,0
Puducherry,2013,Counterfeiting,0,0,0,0,0,0,0,0,0
Puducherry,2013,Arson,0,0,0,0,0,0,0,0,0
Puducherry,2013,Hurt/Grevious Hurt,0,0,5,0,11,0,16,0,16
Puducherry,2013,Dowry Deaths,0,0,0,0,0,0,0,0,0
Puducherry,2013,Assault on Women wih intent to outrage her Modesty,0,0,0,0,0,0,0,0,0
Puducherry,2013,Insult to Modesty of Women,0,0,0,0,0,0,0,0,0
Puducherry,2013,Cruelty by Husband or his Relatives,0,0,0,0,0,0,0,0,0
Puducherry,2013,Importation of girls from Foreign Countries,0,0,0,0,0,0,0,0,0
Puducherry,2013,Causing death by negligence,0,0,1,1,0,0,1,1,2
Puducherry,2013,Other IPC Crimes,0,0,6,1,7,2,13,3,16
Puducherry,2013,Total IPC Crimes,0,0,25,2,35,2,60,4,64
